<?xml version="1.0" encoding="UTF-8"?>
<!-- ~ Copyright (c) 2008-2012, Hazel Bilisim Ltd. All Rights Reserved. ~ ~ Licensed under the Apache License, Version 2.0 (the "License"); ~ you may not 
	use this file except in compliance with the License. ~ You may obtain a copy of the License at ~ ~ http://www.apache.org/licenses/LICENSE-2.0 ~ ~ Unless 
	required by applicable law or agreed to in writing, software ~ distributed under the License is distributed on an "AS IS" BASIS, ~ WITHOUT WARRANTIES OR 
	CONDITIONS OF ANY KIND, either express or implied. ~ See the License for the specific language governing permissions and ~ limitations under the License. -->

<hazelcast xsi:schemaLocation="http://www.hazelcast.com/schema/config hazelcast-config-2.1.xsd" xmlns="http://www.hazelcast.com/schema/config"
	xmlns:xsi="http://www.w3.org/2001/XMLSchema-instance">
	<group>
		<name>orientdb</name>
		<password>orientdb</password>
	</group>
	<network>
		<port auto-increment="true">2434</port>
		<join>
			<multicast enabled="true">
				<multicast-group>235.1.1.1</multicast-group>
				<multicast-port>2434</multicast-port>
			</multicast>
		</join>
	</network>
	<executor-service>
		<core-pool-size>1</core-pool-size>
		<max-pool-size>16</max-pool-size>
		<keep-alive-seconds>60</keep-alive-seconds>
	</executor-service>
</hazelcast>