<?xml version="1.0" encoding="UTF-8"?>
<orient-server xmlns="">
    <handlers>
        <handler class="com.orientechnologies.orient.server.handler.OJMXPlugin">
            <parameters>
                <parameter name="enabled" value="false"/>
                <parameter name="profilerManaged" value="true"/>
            </parameters>
        </handler>
        <handler class="com.orientechnologies.orient.server.plugin.mail.OMailPlugin">
            <parameters>
                <parameter name="enabled" value="true"/>
                <parameter name="profile.default.mail.smtp.host" value="localhost"/>
                <parameter name="profile.default.mail.smtp.port" value="25"/>
                <parameter name="profile.default.mail.smtp.auth" value="true"/>
                <parameter
                    name="profile.default.mail.smtp.starttls.enable" value="true"/>
                <parameter name="profile.default.mail.smtp.user" value=""/>
                <parameter name="profile.default.mail.smtp.password" value=""/>
                <parameter name="profile.default.mail.date.format" value="yyyy-MM-dd HH:mm:ss"/>
            </parameters>
        </handler>
        <handler class="com.orientechnologies.orient.server.handler.OAutomaticBackup">
            <parameters>
                <parameter name="enabled" value="false"/>
                <parameter name="delay" value="4h"/>
                <parameter name="target.directory" value="backup"/>
                <parameter name="target.fileName" value="${DBNAME}-${DATE:yyyyMMddHHmmss}.json"/>
                <parameter name="db.include" value=""/>
                <parameter name="db.exclude" value=""/>
            </parameters>
        </handler>
        <handler class="com.orientechnologies.orient.server.handler.OServerSideScriptInterpreter">
            <parameters>
                <parameter name="enabled" value="false"/>
            </parameters>
        </handler>
    </handlers>
    <network>
        <protocols>
            <protocol
                implementation="com.orientechnologies.orient.server.network.protocol.binary.ONetworkProtocolBinary" name="binary"/>
            <!--protocol implementation="com.orientechnologies.orient.server.network.protocol.http.ONetworkProtocolHttpDb" name="http"/-->
        </protocols>
        <listeners>
            <listener ip-address="0.0.0.0" port-range="9100" protocol="binary"/>
            <!--listener protocol="http" port-range="2490-2499" ip-address="0.0.0.0">
                <commands>
                    <command implementation="com.orientechnologies.orient.server.network.protocol.http.command.get.OServerCommandGetStaticContent" pattern="GET|www GET|studio/ GET| GET|*.htm GET|*.html GET|*.xml GET|*.jpeg GET|*.jpg GET|*.png GET|*.gif GET|*.js GET|*.css GET|*.swf GET|*.ico GET|*.txt GET|*.otf GET|*.pjs GET|*.svg">
                        <parameters>
                            <entry value="Cache-Control: no-cache, no-store, max-age=0, must-revalidate\r\nPragma: no-cache" name="http.cache:*.htm *.html"/>
                            <entry value="Cache-Control: max-age=120" name="http.cache:default"/>
                        </parameters>
                    </command>
                </commands>
                <parameters>
                    <parameter value="utf-8" name="network.http.charset"/>
                </parameters>
            </listener-->
        </listeners>
    </network>
    <users>
        <user name="root"
            password="06E752F96A47506E408706FE8B58B6F4C1F4EDFEB2A378E3959BB202539A4B5E" resources="*"/>
        <!--user resources="connect,server.listDatabases" password="guest" name="guest"/-->
    </users>
    <properties>
        <entry name="log.console.level" value="info"/>
        <entry name="log.file.level" value="fine"/>
    </properties>
</orient-server>
