<?xml version="1.0" encoding="UTF-8"?>
<ns1:Bericht xmlns:ns1="http://www.istandaarden.nl/iwmo/2_2/wmo301/schema">
   <ns1:Header>
      <ns1:BerichtCode>414</ns1:BerichtCode>
      <ns1:BerichtVersie>2</ns1:BerichtVersie>
      <ns1:BerichtSubversie>2</ns1:BerichtSubversie>
      <ns1:Afzender>0384</ns1:Afzender>
      <ns1:Ontvanger>42420001</ns1:Ontvanger>
      <ns1:BerichtIdentificatie>
         <ns2:Identificatie xmlns:ns2="http://www.istandaarden.nl/iwmo/2_2/basisschema/schema">123456789012</ns2:Identificatie>
         <ns3:Dagtekening xmlns:ns3="http://www.istandaarden.nl/iwmo/2_2/basisschema/schema">2017-07-10</ns3:Dagtekening>
      </ns1:BerichtIdentificatie>
   </ns1:Header>
   <ns1:Client>
      <ns1:Bsn>123456782</ns1:Bsn>
      <ns1:Geboortedatum>
         <ns4:Datum xmlns:ns4="http://www.istandaarden.nl/iwmo/2_2/basisschema/schema">1979-06-10</ns4:Datum>
      </ns1:Geboortedatum>
      <ns1:Geslacht>1</ns1:Geslacht>
      <ns1:Naam>
         <ns6:Geslachtsnaam xmlns:ns6="http://www.istandaarden.nl/iwmo/2_2/basisschema/schema">
            <ns6:Achternaam>Vries</ns6:Achternaam>
            <ns6:Voorvoegsel>de</ns6:Voorvoegsel>
         </ns6:Geslachtsnaam>
         <ns7:Partnernaam xmlns:ns7="http://www.istandaarden.nl/iwmo/2_2/basisschema/schema">
            <ns7:Achternaam>Jansen</ns7:Achternaam>
            <ns7:Voorvoegsel>van</ns7:Voorvoegsel>
         </ns7:Partnernaam>
         <ns8:Voornamen xmlns:ns8="http://www.istandaarden.nl/iwmo/2_2/basisschema/schema">Peter</ns8:Voornamen>
         <ns9:Voorletters xmlns:ns9="http://www.istandaarden.nl/iwmo/2_2/basisschema/schema">P</ns9:Voorletters>
         <ns10:NaamGebruik xmlns:ns10="http://www.istandaarden.nl/iwmo/2_2/basisschema/schema">4</ns10:NaamGebruik>
      </ns1:Naam>
      <ns1:Communicatie>
         <ns11:Vorm xmlns:ns11="http://www.istandaarden.nl/iwmo/2_2/basisschema/schema">1</ns11:Vorm>
         <ns12:Taal xmlns:ns12="http://www.istandaarden.nl/iwmo/2_2/basisschema/schema">Deens</ns12:Taal>
      </ns1:Communicatie>
      <ns1:JuridischeStatus>02</ns1:JuridischeStatus>
      <ns1:WettelijkeVertegenwoordiging>08</ns1:WettelijkeVertegenwoordiging>
      <ns1:Commentaar>Client commentaar</ns1:Commentaar>
      <ns1:Relaties>
         <ns1:Relatie>
            <ns1:Nummer>1</ns1:Nummer>
            <ns1:Volgorde>1</ns1:Volgorde>
            <ns1:Soort>12</ns1:Soort>
            <ns1:Geboortedatum>
               <ns13:Datum xmlns:ns13="http://www.istandaarden.nl/iwmo/2_2/basisschema/schema">1967-10-12</ns13:Datum>
            </ns1:Geboortedatum>
            <ns1:Geslacht>1</ns1:Geslacht>
            <ns1:Naam>
               <ns15:Geslachtsnaam xmlns:ns15="http://www.istandaarden.nl/iwmo/2_2/basisschema/schema">
                  <ns15:Achternaam>Jansen</ns15:Achternaam>
                  <ns15:Voorvoegsel>van</ns15:Voorvoegsel>
               </ns15:Geslachtsnaam>
               <ns16:Partnernaam xmlns:ns16="http://www.istandaarden.nl/iwmo/2_2/basisschema/schema">
                  <ns16:Achternaam>Vries</ns16:Achternaam>
                  <ns16:Voorvoegsel>de</ns16:Voorvoegsel>
               </ns16:Partnernaam>
               <ns17:Voornamen xmlns:ns17="http://www.istandaarden.nl/iwmo/2_2/basisschema/schema">Jan</ns17:Voornamen>
               <ns18:Voorletters xmlns:ns18="http://www.istandaarden.nl/iwmo/2_2/basisschema/schema">J</ns18:Voorletters>
               <ns19:NaamGebruik xmlns:ns19="http://www.istandaarden.nl/iwmo/2_2/basisschema/schema">3</ns19:NaamGebruik>
            </ns1:Naam>
            <ns1:Contact>
               <ns1:Soort>03</ns1:Soort>
               <ns1:Adres>
                  <ns21:Straatnaam xmlns:ns21="http://www.istandaarden.nl/iwmo/2_2/basisschema/schema">Van Woustraat</ns21:Straatnaam>
                  <ns22:Plaatsnaam xmlns:ns22="http://www.istandaarden.nl/iwmo/2_2/basisschema/schema">Amsterdam</ns22:Plaatsnaam>
                  <ns23:LandCode xmlns:ns23="http://www.istandaarden.nl/iwmo/2_2/basisschema/schema">NL</ns23:LandCode>
               </ns1:Adres>
            </ns1:Contact>
         </ns1:Relatie>
         <ns1:Relatie>
            <ns1:Nummer>2</ns1:Nummer>
            <ns1:Volgorde>2</ns1:Volgorde>
            <ns1:Soort>15</ns1:Soort>
            <ns1:Geboortedatum>
               <ns26:Datum xmlns:ns26="http://www.istandaarden.nl/iwmo/2_2/basisschema/schema">1967-02-02</ns26:Datum>
            </ns1:Geboortedatum>
            <ns1:Geslacht>1</ns1:Geslacht>
            <ns1:Naam>
               <ns27:Geslachtsnaam xmlns:ns27="http://www.istandaarden.nl/iwmo/2_2/basisschema/schema">
                  <ns27:Achternaam>Mentor</ns27:Achternaam>
               </ns27:Geslachtsnaam>
               <ns29:Voornamen xmlns:ns29="http://www.istandaarden.nl/iwmo/2_2/basisschema/schema">Meindert</ns29:Voornamen>
               <ns30:Voorletters xmlns:ns30="http://www.istandaarden.nl/iwmo/2_2/basisschema/schema">M</ns30:Voorletters>
               <ns31:NaamGebruik xmlns:ns31="http://www.istandaarden.nl/iwmo/2_2/basisschema/schema">1</ns31:NaamGebruik>
            </ns1:Naam>
            <ns1:Contact>
               <ns1:Soort>03</ns1:Soort>
               <ns1:Adres>
                  <ns32:Huis xmlns:ns32="http://www.istandaarden.nl/iwmo/2_2/basisschema/schema">
                     <ns32:Huisnummer>4</ns32:Huisnummer>
                  </ns32:Huis>
                  <ns33:Postcode xmlns:ns33="http://www.istandaarden.nl/iwmo/2_2/basisschema/schema">1234TY</ns33:Postcode>
                  <ns34:Straatnaam xmlns:ns34="http://www.istandaarden.nl/iwmo/2_2/basisschema/schema">Rijnstraat</ns34:Straatnaam>
                  <ns35:Plaatsnaam xmlns:ns35="http://www.istandaarden.nl/iwmo/2_2/basisschema/schema">Amsterdam</ns35:Plaatsnaam>
                  <ns36:LandCode xmlns:ns36="http://www.istandaarden.nl/iwmo/2_2/basisschema/schema">NL</ns36:LandCode>
               </ns1:Adres>
            </ns1:Contact>
         </ns1:Relatie>
      </ns1:Relaties>
      <ns1:Contactgegevens>
         <ns1:Contact>
            <ns1:Soort>03</ns1:Soort>
            <ns1:Adres>
               <ns37:Huis xmlns:ns37="http://www.istandaarden.nl/iwmo/2_2/basisschema/schema">
                  <ns37:Huisnummer>5</ns37:Huisnummer>
                  <ns37:Huisletter>A</ns37:Huisletter>
                  <ns37:HuisnummerToevoeging>BEL</ns37:HuisnummerToevoeging>
                  <ns37:AanduidingWoonadres>TO</ns37:AanduidingWoonadres>
               </ns37:Huis>
               <ns38:Postcode xmlns:ns38="http://www.istandaarden.nl/iwmo/2_2/basisschema/schema">1077AA</ns38:Postcode>
               <ns39:Straatnaam xmlns:ns39="http://www.istandaarden.nl/iwmo/2_2/basisschema/schema">Van Woustraat</ns39:Straatnaam>
               <ns40:Plaatsnaam xmlns:ns40="http://www.istandaarden.nl/iwmo/2_2/basisschema/schema">Amsterdam</ns40:Plaatsnaam>
               <ns41:LandCode xmlns:ns41="http://www.istandaarden.nl/iwmo/2_2/basisschema/schema">NL</ns41:LandCode>
            </ns1:Adres>
            <ns1:Telefoon>
               <ns42:Telefoon01 xmlns:ns42="http://www.istandaarden.nl/iwmo/2_2/basisschema/schema">
                  <ns42:Telefoonnummer>0201234567</ns42:Telefoonnummer>
                  <ns42:Landnummer>0031</ns42:Landnummer>
               </ns42:Telefoon01>
            </ns1:Telefoon>
            <ns1:Emailadres>xyz@deg.ghi</ns1:Emailadres>
         </ns1:Contact>
      </ns1:Contactgegevens>
      <ns1:Beschikking>
         <ns1:BeschikkingNummer>201</ns1:BeschikkingNummer>
         <ns1:Grondslagen>
            <ns50:Grondslag01 xmlns:ns50="http://www.istandaarden.nl/iwmo/2_2/basisschema/schema">01</ns50:Grondslag01>
            <ns51:Grondslag02 xmlns:ns51="http://www.istandaarden.nl/iwmo/2_2/basisschema/schema">01</ns51:Grondslag02>
         </ns1:Grondslagen>
         <ns1:Afgiftedatum>2017-07-10</ns1:Afgiftedatum>
         <ns1:Ingangsdatum>2017-07-10</ns1:Ingangsdatum>
         <ns1:Einddatum>2021-07-09</ns1:Einddatum>
         <ns1:Commentaar>BESCHIKKING COMMENTAAR</ns1:Commentaar>
         <ns1:Beperkingen>
            <ns1:Beperking>
               <ns1:Categorie>1</ns1:Categorie>
               <ns1:Duur>2</ns1:Duur>
               <ns1:Commentaar>Beperking 1 Commentaar</ns1:Commentaar>
               <ns1:BeperkingScores>
                  <ns1:BeperkingScore>
                     <ns1:Vraag>0104</ns1:Vraag>
                     <ns1:Score>2</ns1:Score>
                     <ns1:Commentaar>Beperkingscore 1 Commentaar</ns1:Commentaar>
                  </ns1:BeperkingScore>
                  <ns1:BeperkingScore>
                     <ns1:Vraag>0105</ns1:Vraag>
                     <ns1:Score>2</ns1:Score>
                     <ns1:Commentaar>Beperkingscore 2 Commentaar</ns1:Commentaar>
                  </ns1:BeperkingScore>
               </ns1:BeperkingScores>
            </ns1:Beperking>
            <ns1:Beperking>
               <ns1:Categorie>2</ns1:Categorie>
               <ns1:Duur>1</ns1:Duur>
               <ns1:Commentaar>Beperking 2 Commentaar</ns1:Commentaar>
               <ns1:BeperkingScores>
                  <ns1:BeperkingScore>
                     <ns1:Vraag>0101</ns1:Vraag>
                     <ns1:Score>2</ns1:Score>
                     <ns1:Commentaar>Bepering score 3 commentaar</ns1:Commentaar>
                  </ns1:BeperkingScore>
                  <ns1:BeperkingScore>
                     <ns1:Vraag>0102</ns1:Vraag>
                     <ns1:Score>2</ns1:Score>
                     <ns1:Commentaar>Beperkingscore 4 commentaar</ns1:Commentaar>
                  </ns1:BeperkingScore>
               </ns1:BeperkingScores>
            </ns1:Beperking>
         </ns1:Beperkingen>
         <ns1:ToegewezenProducten>
            <ns1:ToegewezenProduct>
               <ns1:ToewijzingNummer>101</ns1:ToewijzingNummer>
               <ns1:ReferentieAanbieder>42420001</ns1:ReferentieAanbieder>
               <ns1:Product>
                  <ns52:Categorie xmlns:ns52="http://www.istandaarden.nl/iwmo/2_2/basisschema/schema">01</ns52:Categorie>
                  <ns53:Code xmlns:ns53="http://www.istandaarden.nl/iwmo/2_2/basisschema/schema">ABCDE</ns53:Code>
               </ns1:Product>
               <ns1:Toewijzingsdatum>2017-07-10</ns1:Toewijzingsdatum>
               <ns1:Toewijzingstijd>12:34:56</ns1:Toewijzingstijd>
               <ns1:Ingangsdatum>2017-07-10</ns1:Ingangsdatum>
               <ns1:Einddatum>2021-07-09</ns1:Einddatum>
               <ns1:RedenWijziging>01</ns1:RedenWijziging>
               <ns1:Omvang>
                  <ns54:Volume xmlns:ns54="http://www.istandaarden.nl/iwmo/2_2/basisschema/schema">10</ns54:Volume>
                  <ns55:Eenheid xmlns:ns55="http://www.istandaarden.nl/iwmo/2_2/basisschema/schema">04</ns55:Eenheid>
                  <ns56:Frequentie xmlns:ns56="http://www.istandaarden.nl/iwmo/2_2/basisschema/schema">3</ns56:Frequentie>
               </ns1:Omvang>
               <ns1:Commentaar>Toegewezen product 1 Commentaar </ns1:Commentaar>
            </ns1:ToegewezenProduct>
            <ns1:ToegewezenProduct>
               <ns1:ToewijzingNummer>102</ns1:ToewijzingNummer>
               <ns1:ReferentieAanbieder>42420001</ns1:ReferentieAanbieder>
               <ns1:Product>
                  <ns57:Categorie xmlns:ns57="http://www.istandaarden.nl/iwmo/2_2/basisschema/schema">02</ns57:Categorie>
                  <ns58:Code xmlns:ns58="http://www.istandaarden.nl/iwmo/2_2/basisschema/schema">BCDEF</ns58:Code>
               </ns1:Product>
               <ns1:Toewijzingsdatum>2017-07-10</ns1:Toewijzingsdatum>
               <ns1:Toewijzingstijd>12:34:56</ns1:Toewijzingstijd>
               <ns1:Ingangsdatum>2017-07-10</ns1:Ingangsdatum>
               <ns1:Einddatum>2021-07-09</ns1:Einddatum>
               <ns1:Omvang>
                  <ns59:Volume xmlns:ns59="http://www.istandaarden.nl/iwmo/2_2/basisschema/schema">12</ns59:Volume>
                  <ns60:Eenheid xmlns:ns60="http://www.istandaarden.nl/iwmo/2_2/basisschema/schema">16</ns60:Eenheid>
                  <ns61:Frequentie xmlns:ns61="http://www.istandaarden.nl/iwmo/2_2/basisschema/schema">3</ns61:Frequentie>
               </ns1:Omvang>
               <ns1:Commentaar>Toegewezen product 2 Commentaar</ns1:Commentaar>
            </ns1:ToegewezenProduct>
         </ns1:ToegewezenProducten>
      </ns1:Beschikking>
   </ns1:Client>
</ns1:Bericht>
