<?xml version="1.0" encoding="UTF-8"?>
<SOAP-ENV:Envelope
 xmlns:SOAP-ENV="http://schemas.xmlsoap.org/soap/envelope/"
 xmlns:xsd="http://www.w3.org/2001/XMLSchema"
   xmlns:xsi="http://www.w3.org/2001/XMLSchema-instance">
 <SOAP-ENV:Header>
  <wsse:Security
   xmlns:wsse="http://docs.oasis-open.org/wss/2004/01/oasis-200401-wss-wssecurity-secext-1.0.xsd"
    xmlns:wsu="http://docs.oasis-open.org/wss/2004/01/oasis-200401-wss-wssecurity-utility-1.0.xsd">
   <wsse:UsernameToken
     xmlns:wsse="http://docs.oasis-open.org/wss/2004/01/oasis-200401-wss-wssecurity-secext-1.0.xsd">
    <wsse:Username>DSliepen@zinl.nl</wsse:Username>
    <wsse:Password
   Type="http://docs.oasis-open.org/wss/2004/01/oasis-200401-wss-username-token-profile-1.0#PasswordText">halloK89!</wsse:Password>
   </wsse:UsernameToken>
  </wsse:Security>
 </SOAP-ENV:Header>
 <SOAP-ENV:Body>
  <valideerBericht
     xmlns="http://www.istandaarden.nl/berichten/validatie/data">
   <header>
    <ns1:NaamOrganisatieAfzender
     xmlns:ns1="http://www.istandaarden.nl">Zorginstituut Nederland</ns1:NaamOrganisatieAfzender>
    <ns2:NaamOrganisatieOntvanger
     xmlns:ns2="http://www.istandaarden.nl">Zorginstituut Nederland</ns2:NaamOrganisatieOntvanger>
    <ns3:Verzenddatum
     xmlns:ns3="http://www.istandaarden.nl">2019-07-11T07:13:51.932Z</ns3:Verzenddatum>
   </header>
   <xmlBericht>
    <ns1:Bericht
        xmlns:ns1="http://www.istandaarden.nl/iwmo/2_2/wmo301/schema">
     <ns1:Header>
      <ns1:BerichtCode>414</ns1:BerichtCode>
      <ns1:BerichtVersie>2</ns1:BerichtVersie>
      <ns1:BerichtSubversie>2</ns1:BerichtSubversie>
      <ns1:Afzender>0384</ns1:Afzender>
      <ns1:Ontvanger>42420001</ns1:Ontvanger>
      <ns1:BerichtIdentificatie>
       <ns2:Identificatie
        xmlns:ns2="http://www.istandaarden.nl/iwmo/2_2/basisschema/schema">123456789012</ns2:Identificatie>
       <ns3:Dagtekening
        xmlns:ns3="http://www.istandaarden.nl/iwmo/2_2/basisschema/schema">2017-07-10</ns3:Dagtekening>
      </ns1:BerichtIdentificatie>
     </ns1:Header>
     <ns1:Client>
      <ns1:Bsn>123456782</ns1:Bsn>
      <ns1:Geboortedatum>
       <ns4:Datum
        xmlns:ns4="http://www.istandaarden.nl/iwmo/2_2/basisschema/schema">1979-06-10</ns4:Datum>
      </ns1:Geboortedatum>
      <ns1:Geslacht>1</ns1:Geslacht>
      <ns1:Naam>
       <ns6:Geslachtsnaam
        xmlns:ns6="http://www.istandaarden.nl/iwmo/2_2/basisschema/schema">
        <ns6:Achternaam>Vries</ns6:Achternaam>
        <ns6:Voorvoegsel>de</ns6:Voorvoegsel>
       </ns6:Geslachtsnaam>
       <ns7:Partnernaam
        xmlns:ns7="http://www.istandaarden.nl/iwmo/2_2/basisschema/schema">
        <ns7:Achternaam>Jansen</ns7:Achternaam>
        <ns7:Voorvoegsel>van</ns7:Voorvoegsel>
       </ns7:Partnernaam>
       <ns8:Voornamen
        xmlns:ns8="http://www.istandaarden.nl/iwmo/2_2/basisschema/schema">Peter</ns8:Voornamen>
       <ns9:Voorletters
        xmlns:ns9="http://www.istandaarden.nl/iwmo/2_2/basisschema/schema">P</ns9:Voorletters>
       <ns10:NaamGebruik
        xmlns:ns10="http://www.istandaarden.nl/iwmo/2_2/basisschema/schema">4</ns10:NaamGebruik>
      </ns1:Naam>
      <ns1:Communicatie>
       <ns11:Vorm
        xmlns:ns11="http://www.istandaarden.nl/iwmo/2_2/basisschema/schema">1</ns11:Vorm>
       <ns12:Taal
          xmlns:ns12="http://www.istandaarden.nl/iwmo/2_2/basisschema/schema">Deens</ns12:Taal>
      </ns1:Communicatie>
      <ns1:JuridischeStatus>02</ns1:JuridischeStatus>
      <ns1:WettelijkeVertegenwoordiging>08</ns1:WettelijkeVertegenwoordiging>
      <ns1:Commentaar>Client commentaar</ns1:Commentaar>
      <ns1:Relaties>
       <ns1:Relatie>
        <ns1:Nummer>1</ns1:Nummer>
        <ns1:Volgorde>1</ns1:Volgorde>
        <ns1:Soort>12</ns1:Soort>
        <ns1:Geboortedatum>
         <ns13:Datum
          xmlns:ns13="http://www.istandaarden.nl/iwmo/2_2/basisschema/schema">1967-10-12</ns13:Datum>
        </ns1:Geboortedatum>
        <ns1:Geslacht>1</ns1:Geslacht>
        <ns1:Naam>
         <ns15:Geslachtsnaam
          xmlns:ns15="http://www.istandaarden.nl/iwmo/2_2/basisschema/schema">
          <ns15:Achternaam>Jansen</ns15:Achternaam>
          <ns15:Voorvoegsel>van</ns15:Voorvoegsel>
         </ns15:Geslachtsnaam>
         <ns16:Partnernaam
          xmlns:ns16="http://www.istandaarden.nl/iwmo/2_2/basisschema/schema">
          <ns16:Achternaam>Vries</ns16:Achternaam>
          <ns16:Voorvoegsel>de</ns16:Voorvoegsel>
         </ns16:Partnernaam>
         <ns17:Voornamen
          xmlns:ns17="http://www.istandaarden.nl/iwmo/2_2/basisschema/schema">Jan</ns17:Voornamen>
         <ns18:Voorletters
          xmlns:ns18="http://www.istandaarden.nl/iwmo/2_2/basisschema/schema">J M</ns18:Voorletters>
         <ns19:NaamGebruik
           xmlns:ns19="http://www.istandaarden.nl/iwmo/2_2/basisschema/schema">3</ns19:NaamGebruik>
        </ns1:Naam>
        <ns1:Contact>
         <ns1:Soort>03</ns1:Soort>
         <ns1:Adres>
          <ns20:Huis
           xmlns:ns20="http://www.istandaarden.nl/iwmo/2_2/basisschema/schema">
           <ns20:Huisnummer>5</ns20:Huisnummer>
           <ns20:Huisletter>A</ns20:Huisletter>
           <ns20:HuisnummerToevoeging>BEL</ns20:HuisnummerToevoeging>
           <ns20:AanduidingWoonadres>TO</ns20:AanduidingWoonadres>
          </ns20:Huis>
          <ns21:Postcode
           xmlns:ns21="http://www.istandaarden.nl/iwmo/2_2/basisschema/schema">1077AA</ns21:Postcode>
          <ns22:Straatnaam
           xmlns:ns22="http://www.istandaarden.nl/iwmo/2_2/basisschema/schema">Van Woustraat</ns22:Straatnaam>
          <ns23:Plaatsnaam
           xmlns:ns23="http://www.istandaarden.nl/iwmo/2_2/basisschema/schema">Amsterdam</ns23:Plaatsnaam>
          <ns24:LandCode
           xmlns:ns24="http://www.istandaarden.nl/iwmo/2_2/basisschema/schema">NL</ns24:LandCode>
         </ns1:Adres>
         <ns1:Telefoon>
          <ns25:Telefoon01
          xmlns:ns25="http://www.istandaarden.nl/iwmo/2_2/basisschema/schema">
           <ns25:Telefoonnummer>0201234567</ns25:Telefoonnummer>
           <ns25:Landnummer>0031</ns25:Landnummer>
          </ns25:Telefoon01>
         </ns1:Telefoon>
        </ns1:Contact>
       </ns1:Relatie>
       <ns1:Relatie>
        <ns1:Nummer>2</ns1:Nummer>
        <ns1:Volgorde>2</ns1:Volgorde>
        <ns1:Soort>15</ns1:Soort>
        <ns1:Geboortedatum>
         <ns27:Datum
          xmlns:ns27="http://www.istandaarden.nl/iwmo/2_2/basisschema/schema">1967-02-02</ns27:Datum>
        </ns1:Geboortedatum>
        <ns1:Geslacht>1</ns1:Geslacht>
        <ns1:Naam>
         <ns28:Geslachtsnaam
          xmlns:ns28="http://www.istandaarden.nl/iwmo/2_2/basisschema/schema">
          <ns28:Achternaam>Mentor</ns28:Achternaam>
         </ns28:Geslachtsnaam>
         <ns30:Voornamen
          xmlns:ns30="http://www.istandaarden.nl/iwmo/2_2/basisschema/schema">Meindert</ns30:Voornamen>
         <ns31:Voorletters
          xmlns:ns31="http://www.istandaarden.nl/iwmo/2_2/basisschema/schema">M</ns31:Voorletters>
         <ns32:NaamGebruik
           xmlns:ns32="http://www.istandaarden.nl/iwmo/2_2/basisschema/schema">1</ns32:NaamGebruik>
        </ns1:Naam>
        <ns1:Contact>
         <ns1:Soort>03</ns1:Soort>
         <ns1:Adres>
          <ns33:Huis
           xmlns:ns33="http://www.istandaarden.nl/iwmo/2_2/basisschema/schema">
           <ns33:Huisnummer>4</ns33:Huisnummer>
          </ns33:Huis>
          <ns34:Postcode
           xmlns:ns34="http://www.istandaarden.nl/iwmo/2_2/basisschema/schema">1234TY</ns34:Postcode>
          <ns35:Straatnaam
           xmlns:ns35="http://www.istandaarden.nl/iwmo/2_2/basisschema/schema">Rijnstraat</ns35:Straatnaam>
          <ns36:Plaatsnaam
           xmlns:ns36="http://www.istandaarden.nl/iwmo/2_2/basisschema/schema">Amsterdam</ns36:Plaatsnaam>
          <ns37:LandCode
          xmlns:ns37="http://www.istandaarden.nl/iwmo/2_2/basisschema/schema">NL</ns37:LandCode>
         </ns1:Adres>
        </ns1:Contact>
       </ns1:Relatie>
      </ns1:Relaties>
      <ns1:Contactgegevens>
       <ns1:Contact>
        <ns1:Soort>03</ns1:Soort>
        <ns1:Adres>
         <ns38:Huis
          xmlns:ns38="http://www.istandaarden.nl/iwmo/2_2/basisschema/schema">
          <ns38:Huisnummer>5</ns38:Huisnummer>
          <ns38:Huisletter>A</ns38:Huisletter>
          <ns38:HuisnummerToevoeging>BEL</ns38:HuisnummerToevoeging>
          <ns38:AanduidingWoonadres>TO</ns38:AanduidingWoonadres>
         </ns38:Huis>
         <ns39:Postcode
          xmlns:ns39="http://www.istandaarden.nl/iwmo/2_2/basisschema/schema">1077AA</ns39:Postcode>
         <ns40:Straatnaam
          xmlns:ns40="http://www.istandaarden.nl/iwmo/2_2/basisschema/schema">Van Woustraat</ns40:Straatnaam>
         <ns41:Plaatsnaam
          xmlns:ns41="http://www.istandaarden.nl/iwmo/2_2/basisschema/schema">Amsterdam</ns41:Plaatsnaam>
         <ns42:LandCode
          xmlns:ns42="http://www.istandaarden.nl/iwmo/2_2/basisschema/schema">NL</ns42:LandCode>
        </ns1:Adres>
        <ns1:Telefoon>
         <ns43:Telefoon01
         xmlns:ns43="http://www.istandaarden.nl/iwmo/2_2/basisschema/schema">
          <ns43:Telefoonnummer>0201234567</ns43:Telefoonnummer>
          <ns43:Landnummer>0031</ns43:Landnummer>
         </ns43:Telefoon01>
        </ns1:Telefoon>
        <ns1:Emailadres>xyz@deg.ghi</ns1:Emailadres>
       </ns1:Contact>
      </ns1:Contactgegevens>
      <ns1:Beschikking>
       <ns1:BeschikkingNummer>201</ns1:BeschikkingNummer>
       <ns1:Grondslagen>
        <ns51:Grondslag01
         xmlns:ns51="http://www.istandaarden.nl/iwmo/2_2/basisschema/schema">01</ns51:Grondslag01>
        <ns52:Grondslag02
           xmlns:ns52="http://www.istandaarden.nl/iwmo/2_2/basisschema/schema">01</ns52:Grondslag02>
       </ns1:Grondslagen>
       <ns1:Afgiftedatum>2017-07-10</ns1:Afgiftedatum>
       <ns1:Ingangsdatum>2017-07-10</ns1:Ingangsdatum>
       <ns1:Einddatum>2021-07-09</ns1:Einddatum>
       <ns1:Commentaar>BESCHIKKING COMMENTAAR</ns1:Commentaar>
       <ns1:Beperkingen>
        <ns1:Beperking>
         <ns1:Categorie>1</ns1:Categorie>
         <ns1:Duur>2</ns1:Duur>
         <ns1:Commentaar>Beperking 1 Commentaar</ns1:Commentaar>
         <ns1:BeperkingScores>
          <ns1:BeperkingScore>
           <ns1:Vraag>0104</ns1:Vraag>
           <ns1:Score>2</ns1:Score>
           <ns1:Commentaar>Beperkingscore 1 Commentaar</ns1:Commentaar>
          </ns1:BeperkingScore>
          <ns1:BeperkingScore>
           <ns1:Vraag>0105</ns1:Vraag>
           <ns1:Score>2</ns1:Score>
           <ns1:Commentaar>Beperkingscore 2 Commentaar</ns1:Commentaar>
          </ns1:BeperkingScore>
         </ns1:BeperkingScores>
        </ns1:Beperking>
        <ns1:Beperking>
         <ns1:Categorie>2</ns1:Categorie>
         <ns1:Duur>1</ns1:Duur>
         <ns1:Commentaar>Beperking 2 Commentaar</ns1:Commentaar>
         <ns1:BeperkingScores>
          <ns1:BeperkingScore>
           <ns1:Vraag>0101</ns1:Vraag>
           <ns1:Score>2</ns1:Score>
           <ns1:Commentaar>Bepering score 3 commentaar</ns1:Commentaar>
          </ns1:BeperkingScore>
          <ns1:BeperkingScore>
           <ns1:Vraag>0102</ns1:Vraag>
           <ns1:Score>2</ns1:Score>
           <ns1:Commentaar>Beperkingscore 4 commentaar</ns1:Commentaar>
          </ns1:BeperkingScore>
         </ns1:BeperkingScores>
        </ns1:Beperking>
       </ns1:Beperkingen>
       <ns1:ToegewezenProducten>
        <ns1:ToegewezenProduct>
         <ns1:ToewijzingNummer>101</ns1:ToewijzingNummer>
         <ns1:ReferentieAanbieder>42420001</ns1:ReferentieAanbieder>
         <ns1:Product>
          <ns53:Categorie
           xmlns:ns53="http://www.istandaarden.nl/iwmo/2_2/basisschema/schema">01</ns53:Categorie>
          <ns54:Code
           xmlns:ns54="http://www.istandaarden.nl/iwmo/2_2/basisschema/schema">ABCDE</ns54:Code>
         </ns1:Product>
         <ns1:Toewijzingsdatum>2017-07-10</ns1:Toewijzingsdatum>
         <ns1:Toewijzingstijd>12:34:56</ns1:Toewijzingstijd>
         <ns1:Ingangsdatum>2017-07-10</ns1:Ingangsdatum>
         <ns1:Einddatum>2021-07-09</ns1:Einddatum>
         <ns1:RedenWijziging>01</ns1:RedenWijziging>
         <ns1:Omvang>
          <ns55:Volume
           xmlns:ns55="http://www.istandaarden.nl/iwmo/2_2/basisschema/schema">10</ns55:Volume>
          <ns56:Eenheid
           xmlns:ns56="http://www.istandaarden.nl/iwmo/2_2/basisschema/schema">04</ns56:Eenheid>
          <ns57:Frequentie
           xmlns:ns57="http://www.istandaarden.nl/iwmo/2_2/basisschema/schema">3</ns57:Frequentie>
         </ns1:Omvang>
         <ns1:Commentaar>Toegewezen product 1 Commentaar</ns1:Commentaar>
        </ns1:ToegewezenProduct>
        <ns1:ToegewezenProduct>
         <ns1:ToewijzingNummer>102</ns1:ToewijzingNummer>
         <ns1:ReferentieAanbieder>42420001</ns1:ReferentieAanbieder>
         <ns1:Product>
          <ns58:Categorie
           xmlns:ns58="http://www.istandaarden.nl/iwmo/2_2/basisschema/schema">02</ns58:Categorie>
          <ns59:Code
           xmlns:ns59="http://www.istandaarden.nl/iwmo/2_2/basisschema/schema">BCDEF</ns59:Code>
         </ns1:Product>
         <ns1:Toewijzingsdatum>2017-07-10</ns1:Toewijzingsdatum>
         <ns1:Toewijzingstijd>12:34:56</ns1:Toewijzingstijd>
         <ns1:Ingangsdatum>2017-07-10</ns1:Ingangsdatum>
         <ns1:Einddatum>2021-07-09</ns1:Einddatum>
         <ns1:Omvang>
          <ns60:Volume
           xmlns:ns60="http://www.istandaarden.nl/iwmo/2_2/basisschema/schema">12</ns60:Volume>
          <ns61:Eenheid
           xmlns:ns61="http://www.istandaarden.nl/iwmo/2_2/basisschema/schema">16</ns61:Eenheid>
          <ns62:Frequentie xmlns:ns62="http://www.istandaarden.nl/iwmo/2_2/basisschema/schema">3</ns62:Frequentie>
         </ns1:Omvang>
         <ns1:Commentaar>Toegewezen product 2 Commentaar</ns1:Commentaar>
        </ns1:ToegewezenProduct>
       </ns1:ToegewezenProducten>
      </ns1:Beschikking>
     </ns1:Client>
    </ns1:Bericht>
   </xmlBericht>
   <validatieDatum>2019-07-11T07:13:51.933Z</validatieDatum>
  </valideerBericht>
 </SOAP-ENV:Body>
</SOAP-ENV:Envelope>
